<?xml version="1.0" encoding="UTF-8"?>

<channel name="thunar" version="1.0">
  <property name="last-view" type="string" value="ThunarIconView"/>
  <property name="last-location-bar" type="string" value="ThunarLocationEntry"/>
  <property name="last-icon-view-zoom-level" type="string" value="THUNAR_ZOOM_LEVEL_100_PERCENT"/>
  <property name="last-show-hidden" type="bool" value="true"/>
  <property name="last-separator-position" type="int" value="150"/>
  <property name="last-window-width" type="int" value="980"/>
  <property name="last-window-height" type="int" value="735"/>
  <property name="last-window-maximized" type="bool" value="false"/>
  <property name="misc-single-click" type="bool" value="false"/>
  <property name="misc-thumbnail-mode" type="string" value="THUNAR_THUMBNAIL_MODE_ALWAYS"/>
  <property name="shortcuts-icon-size" type="string" value="THUNAR_ICON_SIZE_16"/>
  <property name="misc-text-beside-icons" type="bool" value="false"/>
  <property name="last-side-pane" type="string" value="ThunarShortcutsPane"/>
  <property name="last-sort-column" type="string" value="THUNAR_COLUMN_NAME"/>
  <property name="last-sort-order" type="string" value="GTK_SORT_ASCENDING"/>
  <property name="last-menubar-visible" type="bool" value="true"/>
  <property name="last-statusbar-visible" type="bool" value="true"/>
  <property name="misc-thumbnail-draw-frames" type="bool" value="false"/>
  <property name="misc-change-window-icon" type="bool" value="true"/>
  <property name="misc-middle-click-in-tab" type="bool" value="true"/>
  <property name="misc-show-delete-action" type="bool" value="true"/>
  <property name="last-details-view-zoom-level" type="string" value="THUNAR_ZOOM_LEVEL_38_PERCENT"/>
  <property name="last-details-view-visible-columns" type="string" value="THUNAR_COLUMN_DATE_MODIFIED,THUNAR_COLUMN_NAME,THUNAR_COLUMN_SIZE,THUNAR_COLUMN_TYPE"/>
  <property name="last-details-view-column-widths" type="string" value="50,50,121,50,50,391,50,50,578,50,50,69,50,139"/>
  <property name="last-splitview-separator-position" type="int" value="327"/>
</channel>
