<!-- Copyright (C) 2020-2023 Aditya Shakya <adi1090x@gmail.com> -->
<?xml version="1.0" encoding="UTF-8"?>
<actions>
<action>
	<icon>open-terminal</icon>
	<name>Open Terminal Here</name>
	<unique-id>1581593230771688-1</unique-id>
	<command>/usr/bin/alacritty</command>
	<description>Example for a custom action</description>
	<patterns>*</patterns>
	<startup-notify/>
	<directories/>
</action>
<action>
	<icon>go-parent-folder</icon>
	<name>Open as root</name>
	<unique-id>1622790717174452-1</unique-id>
	<command>~/.config/openbox-themes/scripts/asroot &apos;dbus-run-session thunar&apos;</command>
	<description>Open directory as root</description>
	<patterns>*</patterns>
	<directories/>
</action>
<action>
	<icon>document-edit-sign</icon>
	<name>Edit as root</name>
	<unique-id>1622790919788057-2</unique-id>
	<command>~/.config/openbox-themes/scripts/asroot &apos;geany %f&apos;</command>
	<description>Edit file as root</description>
	<patterns>*</patterns>
	<text-files/>
</action>
<action>
	<icon>kr_comparedirs</icon>
	<name>Compare</name>
	<unique-id>1622791692322694-4</unique-id>
	<command>meld %F</command>
	<description>Compare files and directories with  meld</description>
	<patterns>*</patterns>
	<directories/>
	<text-files/>
</action>
<action>
	<icon>view-preview</icon>
	<name>Set as wallpaper</name>
	<unique-id>1622798756568291-1</unique-id>
	<command>nitrogen --save --set-zoom-fill %f</command>
	<description>Set wallpaper with nitrogen in openbox</description>
	<patterns>*</patterns>
	<image-files/>
</action>
<action>
	<icon>rotation-locked-landscape</icon>
	<name>Set as lockscreen</name>
	<unique-id>1622799434407260-2</unique-id>
	<command>notify-send &apos;Please wait...&apos; &amp;&amp; betterlockscreen -u %f</command>
	<description>Set image as lockscreen background</description>
	<patterns>*</patterns>
	<image-files/>
</action>
</actions>
