<!-- Copyright (C) 2020-2023 Aditya Shakya <adi1090x@gmail.com> -->
<?xml version="1.0" encoding="UTF-8"?>

<channel name="xfce4-power-manager" version="1.0">
  <property name="xfce4-power-manager" type="empty">
    <property name="brightness-switch-restore-on-exit" type="int" value="1"/>
    <property name="brightness-switch" type="int" value="1"/>
    <property name="power-button-action" type="uint" value="1"/>
    <property name="general-notification" type="bool" value="true"/>
    <property name="inactivity-sleep-mode-on-battery" type="uint" value="1"/>
    <property name="inactivity-on-battery" type="uint" value="15"/>
    <property name="critical-power-level" type="uint" value="20"/>
    <property name="show-tray-icon" type="bool" value="false"/>
    <property name="sleep-button-action" type="uint" value="1"/>
    <property name="hibernate-button-action" type="uint" value="2"/>
    <property name="lid-action-on-battery" type="uint" value="3"/>
    <property name="logind-handle-lid-switch" type="bool" value="false"/>
    <property name="lid-action-on-ac" type="uint" value="3"/>
    <property name="handle-brightness-keys" type="bool" value="false"/>
    <property name="inactivity-on-ac" type="uint" value="20"/>
    <property name="critical-power-action" type="uint" value="3"/>
    <property name="blank-on-ac" type="int" value="5"/>
    <property name="battery-button-action" type="uint" value="1"/>
    <property name="brightness-level-on-battery" type="uint" value="15"/>
    <property name="brightness-level-on-ac" type="uint" value="25"/>
    <property name="brightness-on-battery" type="uint" value="120"/>
    <property name="brightness-on-ac" type="uint" value="120"/>
    <property name="dpms-on-battery-sleep" type="uint" value="5"/>
    <property name="dpms-on-battery-off" type="uint" value="10"/>
    <property name="blank-on-battery" type="int" value="3"/>
    <property name="presentation-mode" type="bool" value="false"/>
  </property>
</channel>
